{"precision": [0.69331955909729, 0.6258416175842285, 0.6059602499008179, 0.6215921640396118, 0.623085618019104, 0.6615959405899048, 0.5935292840003967, 0.6353288292884827, 0.609023928642273, 0.6275304555892944, 0.5929790735244751, 0.6832538843154907, 0.546233057975769, 0.6486194133758545, 0.7016704082489014, 0.808570146560669, 0.6290348768234253, 0.5835240483283997, 0.582571268081665, 0.6137593984603882, 0.64504474401474, 0.8144777417182922, 0.5902314186096191, 0.7092170715332031, 0.8779588937759399, 0.6581825613975525, 0.6718701124191284, 0.8618624210357666, 0.5806178450584412], "recall": [0.6728218197822571, 0.7227413058280945, 0.664044201374054, 0.6850889325141907, 0.7039863467216492, 0.7609701156616211, 0.6081996560096741, 0.5875552892684937, 0.6798269748687744, 0.700590968132019, 0.6617873907089233, 0.6501865983009338, 0.7494615912437439, 0.6717736721038818, 0.6691584587097168, 0.8388005495071411, 0.639505922794342, 0.6787312030792236, 0.6645474433898926, 0.7277340888977051, 0.6739423871040344, 0.6927882432937622, 0.6063162684440613, 0.725875735282898, 0.7486783266067505, 0.6695815324783325, 0.742859959602356, 0.6931479573249817, 0.7280964255332947], "f1": [0.6829169392585754, 0.6708101630210876, 0.6336739659309387, 0.6517977714538574, 0.6610700488090515, 0.7078121304512024, 0.600774884223938, 0.6105088591575623, 0.6424806714057922, 0.6620511412620544, 0.6254965662956238, 0.66631019115448, 0.6319092512130737, 0.6599935293197632, 0.6850288510322571, 0.8234080076217651, 0.6342271566390991, 0.6275370717048645, 0.6208651065826416, 0.6659050583839417, 0.6591770052909851, 0.748720645904541, 0.5981656908988953, 0.7174497246742249, 0.8081812262535095, 0.6638331413269043, 0.705583930015564, 0.7683526873588562, 0.6460474729537964], "hashcode": "bert-base-multilingual-cased_L9_no-idf_version=0.3.12(hug_trans=4.40.1)"}