{"bleu": 0.020971948427984055, "precisions": [0.15996343692870202, 0.0280653324131585, 0.009726725335803613, 0.004429937048262999], "brevity_penalty": 1.0, "length_ratio": 2.0544600938967137, "translation_length": 4376, "reference_length": 2130}