{"rouge1": 0.25026702680729984, "rouge2": 0.08822031477245926, "rougeL": 0.17632019098497534, "rougeLsum": 0.18778669453120336}