{"precision": [0.6418102383613586, 0.602283239364624, 0.9661595821380615, 0.6912145018577576, 0.6753535270690918, 0.7832996845245361, 0.7032874226570129, 0.7078872919082642, 0.6481153964996338, 0.6594530344009399, 0.6425862908363342, 0.7078461647033691, 0.6969115138053894, 0.6387014985084534, 0.6505521535873413, 0.650894820690155, 0.6620191931724548, 0.7339569926261902, 0.6805827021598816, 0.6584023833274841, 0.6962488889694214, 0.7186834812164307, 0.8531907200813293, 0.7033216953277588, 0.8041162490844727, 0.6647120118141174, 0.6723408699035645, 0.727671205997467, 0.6266826391220093, 0.7422972917556763], "recall": [0.6245409846305847, 0.634212076663971, 0.9103080630302429, 0.6043485403060913, 0.6410121321678162, 0.7580996155738831, 0.6490897536277771, 0.6911723017692566, 0.5496467351913452, 0.5958203673362732, 0.607191264629364, 0.6459249258041382, 0.7239282727241516, 0.7496367692947388, 0.5840557217597961, 0.6505377292633057, 0.6346670389175415, 0.7587887644767761, 0.6584734320640564, 0.6696784496307373, 0.6779078245162964, 0.7145050168037415, 0.7685408592224121, 0.6793906092643738, 0.6728948950767517, 0.732367753982544, 0.6672336459159851, 0.7164236307144165, 0.6475394368171692, 0.7226573824882507], "f1": [0.6330578327178955, 0.6178354620933533, 0.937402606010437, 0.6448694467544556, 0.6577348709106445, 0.7704936861991882, 0.6751025915145874, 0.699429988861084, 0.594833493232727, 0.6260238885879517, 0.6243875622749329, 0.6754693984985352, 0.7101629972457886, 0.6897369623184204, 0.6155131459236145, 0.6507161855697632, 0.6480546593666077, 0.7461663484573364, 0.6693455576896667, 0.6639925241470337, 0.686955988407135, 0.7165881991386414, 0.8086565732955933, 0.6911489963531494, 0.7326765060424805, 0.6969017386436462, 0.669777512550354, 0.7220035195350647, 0.6369403004646301, 0.732345700263977], "hashcode": "bert-base-multilingual-cased_L9_no-idf_version=0.3.12(hug_trans=4.40.1)"}