{"bleu": 0.04399458989970019, "precisions": [0.34417344173441733, 0.09820193637621023, 0.05296610169491525, 0.03896103896103896], "brevity_penalty": 0.4814129706962352, "length_ratio": 0.5776908023483366, "translation_length": 1476, "reference_length": 2555}