{"rouge1": 0.30539620471842255, "rouge2": 0.12090253826489067, "rougeL": 0.21766822062194935, "rougeLsum": 0.22593457805104233}