{"precision": [0.6219069361686707, 0.5920693874359131, 0.9273260831832886, 0.6325914859771729, 0.8198814988136292, 0.6261695623397827, 0.8257719874382019, 0.663444459438324, 0.7739410996437073, 0.6264786124229431, 0.7992067337036133, 0.9122805595397949, 0.5992447137832642, 0.887798547744751, 0.6551111340522766, 0.7105965614318848, 0.7809524536132812, 0.7166829109191895, 0.6419194340705872, 0.6781544089317322, 0.6437705755233765, 0.6210795640945435, 0.7115503549575806, 0.6233827471733093, 0.5550697445869446, 0.6083386540412903, 0.6944327354431152, 0.6325863599777222, 0.651854932308197], "recall": [0.6566290855407715, 0.6450595259666443, 0.9628750681877136, 0.7026832699775696, 0.6839987635612488, 0.6955311298370361, 0.835132896900177, 0.6639703512191772, 0.9164363145828247, 0.6070709824562073, 0.794895350933075, 0.9223608374595642, 0.7370554208755493, 0.8727883696556091, 0.6859102249145508, 0.7864145636558533, 0.8116220831871033, 0.7794713377952576, 0.7181015014648438, 0.6571192145347595, 0.6905847191810608, 0.6837216019630432, 0.7320885062217712, 0.7100339531898499, 0.5896396040916443, 0.6010546684265137, 0.6064108610153198, 0.6616920232772827, 0.6762170195579529], "f1": [0.6387965083122253, 0.6174295544624329, 0.9447662830352783, 0.665797770023346, 0.7458013296127319, 0.6590303182601929, 0.8304260969161987, 0.6637073159217834, 0.8391826748847961, 0.6166220903396606, 0.7970452308654785, 0.9172930121421814, 0.6610439419746399, 0.8802294731140137, 0.6701570749282837, 0.7465855479240417, 0.7959918975830078, 0.7467595934867859, 0.6778768301010132, 0.6674711108207703, 0.6663563847541809, 0.6508968472480774, 0.7216733694076538, 0.6638928651809692, 0.5718326568603516, 0.604674756526947, 0.6474437713623047, 0.6468119025230408, 0.663812518119812], "hashcode": "bert-base-multilingual-cased_L9_no-idf_version=0.3.12(hug_trans=4.40.1)"}