{"bleu": 0.06602572870507428, "precisions": [0.19590114526823388, 0.06901793858315597, 0.04325153374233129, 0.032497678737233054], "brevity_penalty": 1.0, "length_ratio": 2.0084745762711864, "translation_length": 3318, "reference_length": 1652}