{"rouge1": 0.34454376792286034, "rouge2": 0.1916981091672818, "rougeL": 0.26711436119487963, "rougeLsum": 0.2747872585944194}