{"precision": [0.6553595662117004, 0.6250956058502197, 0.7493495941162109, 0.6920979619026184, 0.7167562246322632, 0.720719039440155, 0.7293877005577087, 0.6566298007965088, 0.7335373163223267, 0.8317160606384277, 0.6603478789329529, 0.6906839609146118, 0.6432850360870361, 0.6778631210327148, 0.6564215421676636, 0.6736345291137695, 0.6549199819564819, 0.6900266408920288, 0.6476268768310547, 0.7441937923431396, 0.6206784248352051, 0.7098036408424377, 0.6538010835647583, 0.7044378519058228, 0.7036055326461792, 0.5941915512084961, 0.6492754220962524, 0.7035106420516968, 0.5105186104774475], "recall": [0.6508593559265137, 0.6503312587738037, 0.7324183583259583, 0.7047203779220581, 0.7193974256515503, 0.7605636715888977, 0.6707686185836792, 0.6735730171203613, 0.6928572058677673, 0.8258448839187622, 0.638845682144165, 0.6632641553878784, 0.7305055856704712, 0.7019323706626892, 0.667940616607666, 0.712946355342865, 0.6781108975410461, 0.7295286655426025, 0.6751528978347778, 0.6770870685577393, 0.6094400882720947, 0.6821939945220947, 0.6890156269073486, 0.6327161192893982, 0.6813101172447205, 0.6561226844787598, 0.6861162185668945, 0.6306955814361572, 0.5929455161094666], "f1": [0.6531017422676086, 0.6374637484550476, 0.7407873272895813, 0.6983520984649658, 0.718074381351471, 0.7401055097579956, 0.6988511085510254, 0.6649935245513916, 0.7126171588897705, 0.8287700414657593, 0.649418830871582, 0.6766964197158813, 0.6841265559196472, 0.6896877884864807, 0.6621309518814087, 0.6927331686019897, 0.666313648223877, 0.709227979183197, 0.6611034870147705, 0.7090561985969543, 0.6150078773498535, 0.6957250237464905, 0.6709465980529785, 0.666653573513031, 0.6922783851623535, 0.6236233115196228, 0.6671876311302185, 0.6651161313056946, 0.5486534833908081], "hashcode": "bert-base-multilingual-cased_L9_no-idf_version=0.3.12(hug_trans=4.40.1)"}