{"precision": [0.6871503591537476, 0.5873810648918152, 0.6055364608764648, 0.5852128863334656, 0.654462993144989, 0.6905592083930969, 0.5332210659980774, 0.6310833096504211, 0.6890319585800171, 0.6199918389320374, 0.6650791168212891, 0.5018629431724548, 0.5883622169494629, 0.475208580493927, 0.5679839253425598, 0.7722352743148804, 0.4992278218269348, 0.6489428281784058, 0.6408119201660156, 0.6438635587692261, 0.6035086512565613, 0.6286730766296387, 0.5533728003501892, 0.6751908659934998, 0.6056803464889526, 0.6330089569091797, 0.5813590884208679, 0.6722933053970337, 0.6176172494888306], "recall": [0.6829102039337158, 0.6684526205062866, 0.6982700824737549, 0.6821653246879578, 0.692405641078949, 0.6369919776916504, 0.5798405408859253, 0.6644448041915894, 0.7077754735946655, 0.6645344495773315, 0.6924608945846558, 0.601848840713501, 0.6557664275169373, 0.6636210083961487, 0.7078403830528259, 0.9269692897796631, 0.5859920382499695, 0.7300512790679932, 0.6128503084182739, 0.6789447069168091, 0.6404088735580444, 0.6976633071899414, 0.5960935354232788, 0.6627464294433594, 0.6598747372627258, 0.683070182800293, 0.6134977340698242, 0.6793723702430725, 0.708862841129303], "f1": [0.6850237250328064, 0.6253000497817993, 0.6486054062843323, 0.629980742931366, 0.6728999018669128, 0.6626948714256287, 0.5555544495582581, 0.6473344564437866, 0.6982779502868652, 0.6414908170700073, 0.678493857383728, 0.5473269820213318, 0.6202384233474731, 0.5538289546966553, 0.6302465796470642, 0.8425570130348206, 0.5391414761543274, 0.6871117353439331, 0.6265192627906799, 0.6609389781951904, 0.6214114427566528, 0.6613739132881165, 0.573939323425293, 0.6689107418060303, 0.6316171288490295, 0.6570874452590942, 0.5969961285591125, 0.6758142709732056, 0.6601017117500305], "hashcode": "bert-base-multilingual-cased_L9_no-idf_version=0.3.12(hug_trans=4.40.1)"}