{"bleu": 0.039443168574741845, "precisions": [0.2571992110453649, 0.04988028731045491, 0.017763423496164714, 0.010620915032679739], "brevity_penalty": 1.0, "length_ratio": 1.169280442804428, "translation_length": 2535, "reference_length": 2168}