{"bleu": 0.022668108169992714, "precisions": [0.11988636363636364, 0.02759092463801163, 0.010867078471745596, 0.0073453460346608514], "brevity_penalty": 1.0, "length_ratio": 3.356216628527841, "translation_length": 8800, "reference_length": 2622}