{"rouge1": 0.2809171117520506, "rouge2": 0.0755796824365658, "rougeL": 0.1763986143174408, "rougeLsum": 0.18699442417128648}