{"rouge1": 0.21459736389279518, "rouge2": 0.06595056128819551, "rougeL": 0.14308078658325402, "rougeLsum": 0.15659991500349763}