{"precision": [0.5212076902389526, 0.4318450093269348, 0.5768424868583679, 0.5985832214355469, 0.6399019360542297, 0.7174615263938904, 0.6002036929130554, 0.6574544310569763, 0.5708034038543701, 0.8740297555923462, 0.6316236853599548, 0.6534135341644287, 0.5583774447441101, 0.6573616862297058, 0.6712465882301331, 0.6101506352424622, 0.6367348432540894, 0.7371714115142822, 0.6535901427268982, 0.639444887638092, 0.6297300457954407, 0.5674651861190796, 0.6030406355857849, 0.6123507022857666, 0.6525912880897522, 0.6263493299484253, 0.4856799244880676, 0.6251999139785767, 0.5917559862136841], "recall": [0.6019220948219299, 0.505158007144928, 0.6663234233856201, 0.66498863697052, 0.7156049013137817, 0.796619176864624, 0.6295750141143799, 0.6097410917282104, 0.6626993417739868, 0.8853309750556946, 0.6395255327224731, 0.7115824222564697, 0.6297541260719299, 0.6543011665344238, 0.5912153720855713, 0.6920483112335205, 0.6837405562400818, 0.9198895692825317, 0.6504422426223755, 0.6963628530502319, 0.6691192388534546, 0.6855430006980896, 0.6722866296768188, 0.6970933079719543, 0.6884536147117615, 0.6593614220619202, 0.5833479166030884, 0.6628656983375549, 0.6666446328163147], "f1": [0.5586645603179932, 0.46563342213630676, 0.618362545967102, 0.6300410032272339, 0.6756394505500793, 0.7549711465835571, 0.6145385503768921, 0.6326994895935059, 0.6133282780647278, 0.8796440362930298, 0.6355500817298889, 0.6812585592269897, 0.5919218063354492, 0.6558278203010559, 0.6286942958831787, 0.6485241651535034, 0.6594011187553406, 0.8184567093849182, 0.6520124673843384, 0.666691243648529, 0.6488273739814758, 0.6209405660629272, 0.6357837319374084, 0.651979923248291, 0.6700429320335388, 0.6424314975738525, 0.5300523638725281, 0.6434820890426636, 0.626971960067749], "hashcode": "bert-base-multilingual-cased_L9_no-idf_version=0.3.12(hug_trans=4.40.1)"}