{"bleu": 0.033531483993100304, "precisions": [0.15767548427410957, 0.037510477787091365, 0.017077798861480076, 0.012515910055154858], "brevity_penalty": 1.0, "length_ratio": 1.9708538587848932, "translation_length": 4801, "reference_length": 2436}