{"rouge1": 0.23322127340829302, "rouge2": 0.08634493665014334, "rougeL": 0.17307925356496515, "rougeLsum": 0.18364174954283535}