{"precision": [0.8536927700042725, 0.6681745052337646, 0.6755582690238953, 0.7524831295013428, 0.6407234072685242, 0.803774893283844, 0.7617092132568359, 0.6142442226409912, 0.6421539783477783, 0.6954527497291565, 0.7197049260139465, 0.8041162490844727, 0.8618614077568054, 0.6146653890609741, 0.7564263939857483, 0.8819390535354614, 0.6418102383613586, 0.727671205997467, 0.9661595821380615, 0.6723408699035645, 0.689532458782196, 0.6594530344009399, 0.7058749794960022, 0.7033216953277588, 0.650894820690155, 0.602283239364624, 0.6875911951065063, 0.7832996845245361], "recall": [0.7773097157478333, 0.6622896790504456, 0.6474235653877258, 0.6878294348716736, 0.6612725257873535, 0.6100308895111084, 0.6618936657905579, 0.5939881205558777, 0.8052930235862732, 0.744225025177002, 0.6218762397766113, 0.6728948950767517, 0.7642969489097595, 0.689370334148407, 0.7117648124694824, 0.8707863688468933, 0.6245409846305847, 0.7164236307144165, 0.9103080630302429, 0.6672336459159851, 0.731499969959259, 0.5958203673362732, 0.7682234048843384, 0.6793906092643738, 0.6505377292633057, 0.634212076663971, 0.713386058807373, 0.7580996155738831], "f1": [0.8137127161026001, 0.6652191281318665, 0.6611917614936829, 0.7187051177024841, 0.6508358120918274, 0.6936278343200684, 0.7083021402359009, 0.603946328163147, 0.7145298719406128, 0.7190127968788147, 0.6672237515449524, 0.7326765060424805, 0.8101524114608765, 0.6498780250549316, 0.7334163188934326, 0.8763272762298584, 0.6330578327178955, 0.7220035195350647, 0.937402606010437, 0.669777512550354, 0.7098965048789978, 0.6260238885879517, 0.7357306480407715, 0.6911489963531494, 0.6507161855697632, 0.6178354620933533, 0.7002511620521545, 0.7704936861991882], "hashcode": "bert-base-multilingual-cased_L9_no-idf_version=0.3.12(hug_trans=4.40.1)"}