{"precision": [0.623954713344574, 0.6172773241996765, 0.5599740743637085, 0.5733966827392578, 0.6261389255523682, 0.6187721490859985, 0.622515082359314, 0.5460189580917358, 0.6069332361221313, 0.5595128536224365, 0.5723060369491577, 0.6094481945037842, 0.6116482019424438, 0.6024912595748901, 0.603395402431488, 0.5640808939933777, 0.5585241317749023, 0.6379921436309814, 0.5486749410629272, 0.6210548281669617, 0.5905441045761108, 0.586381196975708, 0.6214439868927002, 0.5845813155174255, 0.5971136689186096, 0.5981254577636719, 0.5754521489143372, 0.5822553634643555, 0.543373167514801], "recall": [0.6777819991111755, 0.6661199331283569, 0.6742662191390991, 0.650794506072998, 0.7235112190246582, 0.6900280117988586, 0.6943707466125488, 0.7321199774742126, 0.6981258392333984, 0.6860519051551819, 0.7132297158241272, 0.6790561676025391, 0.6159378886222839, 0.7481722831726074, 0.6977974772453308, 0.7435430288314819, 0.64876788854599, 0.6915473937988281, 0.645536482334137, 0.6733524203300476, 0.6819280385971069, 0.6573191285133362, 0.6639155745506287, 0.6048741936683655, 0.6988866329193115, 0.6957561373710632, 0.6700612902641296, 0.6537459492683411, 0.6585022807121277], "f1": [0.6497554779052734, 0.6407692432403564, 0.6118283867835999, 0.6096488833427429, 0.6713125705718994, 0.6524603366851807, 0.6564825177192688, 0.6255210638046265, 0.6493434309959412, 0.616354763507843, 0.6350436210632324, 0.6423720121383667, 0.6137855648994446, 0.6674752831459045, 0.6471719741821289, 0.6414970755577087, 0.6002731919288635, 0.6636911630630493, 0.5931774973869324, 0.6461471319198608, 0.6329546570777893, 0.6198270916938782, 0.6419780254364014, 0.5945546627044678, 0.6440041661262512, 0.6432573795318604, 0.619163453578949, 0.6159331798553467, 0.5954235196113586], "hashcode": "bert-base-multilingual-cased_L9_no-idf_version=0.3.12(hug_trans=4.40.1)"}