{"bleu": 0.009173261325117593, "precisions": [0.0904311251314406, 0.015728879520025944, 0.003819585534335636, 0.0013033561420658195], "brevity_penalty": 1.0, "length_ratio": 5.110789582472096, "translation_length": 12363, "reference_length": 2419}