{"bleu": 0.09146937607644243, "precisions": [0.33426573426573425, 0.14122681883024252, 0.08733624454148471, 0.06537890044576523], "brevity_penalty": 0.713863909991025, "length_ratio": 0.747907949790795, "translation_length": 1430, "reference_length": 1912}