{"rouge1": 0.332820897690865, "rouge2": 0.17429362524537, "rougeL": 0.2517842908305886, "rougeLsum": 0.25915140936727477}