{"rouge1": 0.15948729234770773, "rouge2": 0.03927205633212409, "rougeL": 0.10692399808244676, "rougeLsum": 0.12670019600511584}