{"precision": [0.7055107951164246, 0.6863868236541748, 0.6243432760238647, 0.5749074220657349, 0.5953810214996338, 0.5913302898406982, 0.6299313306808472, 0.6244311928749084, 0.6745287775993347, 0.7230340242385864, 0.6415114402770996, 0.6300432085990906, 0.6807893514633179, 0.6836023330688477, 0.6582750082015991, 0.7036986351013184, 0.640177845954895, 0.6819928884506226, 0.6721358895301819, 0.6191407442092896, 0.6392126083374023, 0.6858442425727844, 0.6513270735740662, 0.5471485257148743, 0.7153285145759583, 0.5699785947799683, 0.6677191257476807, 0.6463847756385803, 0.6669809222221375, 0.5904508233070374], "recall": [0.7349165678024292, 0.6528410911560059, 0.656334638595581, 0.6287301778793335, 0.7019644379615784, 0.61313796043396, 0.7035542726516724, 0.6925987005233765, 0.671776533126831, 0.6427552700042725, 0.6273833513259888, 0.6229811310768127, 0.6766358017921448, 0.6875428557395935, 0.6461897492408752, 0.5801856517791748, 0.654342532157898, 0.6224942207336426, 0.6525983214378357, 0.6204335689544678, 0.6734840869903564, 0.6871285438537598, 0.6410819888114929, 0.6563159823417664, 0.7563871741294861, 0.6079916954040527, 0.6453673839569092, 0.6066663861274719, 0.6262600421905518, 0.6138694286346436], "f1": [0.7199135422706604, 0.6691938042640686, 0.6399393677711487, 0.600615382194519, 0.6442945599555969, 0.602036714553833, 0.6647104024887085, 0.6567507982254028, 0.673149824142456, 0.6805353164672852, 0.6343687176704407, 0.6264922618865967, 0.678706169128418, 0.6855669021606445, 0.6521763801574707, 0.6360009908676147, 0.6471827030181885, 0.6508867144584656, 0.6622230410575867, 0.6197864413261414, 0.6559009552001953, 0.6864858269691467, 0.6461639404296875, 0.5967808961868286, 0.7352851629257202, 0.588371753692627, 0.6563529968261719, 0.6258960962295532, 0.6459793448448181, 0.6019324660301208], "hashcode": "bert-base-multilingual-cased_L9_no-idf_version=0.3.12(hug_trans=4.40.1)"}