{"precision": [0.66448974609375, 0.7470176815986633, 0.7623317241668701, 0.562947154045105, 0.961066484451294, 0.6190270185470581, 0.8349171280860901, 0.7129015922546387, 0.6751008629798889, 0.6175523996353149, 0.6663104295730591, 0.6796992421150208, 0.620227038860321, 0.6580632925033569, 0.7033966779708862, 0.6699491739273071, 0.7682477235794067, 0.6782564520835876, 0.5712664127349854, 0.7237004041671753, 0.6405913233757019, 0.7352087497711182, 0.7551698088645935, 0.6781685948371887, 0.6291741132736206, 0.7980870008468628, 0.5964475870132446, 0.7689433097839355, 0.7166449427604675, 0.6563982963562012], "recall": [0.6706188917160034, 0.7067590951919556, 0.658494234085083, 0.7191992998123169, 0.9460535049438477, 0.6640625, 0.7982385158538818, 0.7463662028312683, 0.6756849884986877, 0.6403355598449707, 0.6972052454948425, 0.677334189414978, 0.6551613807678223, 0.7914213538169861, 0.6927713751792908, 0.669840395450592, 0.8101036548614502, 0.6839389801025391, 0.6633965373039246, 0.7804038524627686, 0.7689929604530334, 0.8258676528930664, 0.825238823890686, 0.7112370133399963, 0.6794214248657227, 0.7492251396179199, 0.6135306358337402, 0.681921124458313, 0.7709614634513855, 0.6129539012908936], "f1": [0.6675402522087097, 0.7263309359550476, 0.70661860704422, 0.6315521597862244, 0.9535009264945984, 0.6407544016838074, 0.8161659836769104, 0.7292501330375671, 0.6753928065299988, 0.6287376284599304, 0.6814078092575073, 0.6785145998001099, 0.6372157335281372, 0.7186076641082764, 0.6980436444282532, 0.6698947548866272, 0.7886207103729248, 0.6810858249664307, 0.6138941049575806, 0.7509832978248596, 0.6989439725875854, 0.7779057025909424, 0.7886511087417603, 0.6943092942237854, 0.6533330678939819, 0.7728845477104187, 0.6048685312271118, 0.7228224277496338, 0.7428115606307983, 0.6339326500892639], "hashcode": "bert-base-multilingual-cased_L9_no-idf_version=0.3.12(hug_trans=4.40.1)"}