{"bleu": 0.1264699886597116, "precisions": [0.319617927994122, 0.1352154531946508, 0.08903080390683696, 0.06648936170212766], "brevity_penalty": 1.0, "length_ratio": 1.0477290223248652, "translation_length": 2722, "reference_length": 2598}