{"bleu": 0.010103639037462744, "precisions": [0.1770873786407767, 0.015324165029469547, 0.0031809145129224653, 0.0012072434607645875], "brevity_penalty": 1.0, "length_ratio": 1.277281746031746, "translation_length": 2575, "reference_length": 2016}