{"rouge1": 0.21706242514602314, "rouge2": 0.027562774977471755, "rougeL": 0.14711652647018647, "rougeLsum": 0.1569473469331073}