{"rouge1": 0.36257416988522717, "rouge2": 0.1846976953738094, "rougeL": 0.27893398361201593, "rougeLsum": 0.28997854318012145}