{"precision": [0.7532927989959717, 0.5986561179161072, 0.6429378986358643, 0.6652640700340271, 0.5664992332458496, 0.5999181270599365, 0.6250829696655273, 0.6007614731788635, 0.5587074756622314, 0.6848650574684143, 0.5641676783561707, 0.6403515934944153, 0.6084807515144348, 0.66959547996521, 0.5834174156188965, 0.5568187236785889, 0.4440874457359314, 0.6461977958679199, 0.6376423239707947, 0.6670634746551514, 0.6473488807678223, 0.6629846096038818, 0.5499354004859924, 0.5833142995834351, 0.6253278851509094, 0.6234362125396729, 0.6729809641838074, 0.6724184155464172, 0.5590558052062988], "recall": [0.8878886699676514, 0.6974257230758667, 0.6864014863967896, 0.6857633590698242, 0.6474469304084778, 0.6577562689781189, 0.6652638912200928, 0.6448288559913635, 0.6849216222763062, 0.7335710525512695, 0.6862004995346069, 0.7180315256118774, 0.6802106499671936, 0.61017245054245, 0.6397251486778259, 0.6925003528594971, 0.6206724643707275, 0.7469518184661865, 0.7848069071769714, 0.6834803819656372, 0.7341123819351196, 0.6272636651992798, 0.6509881615638733, 0.6106804609298706, 0.7018007040023804, 0.5705024003982544, 0.7029378414154053, 0.6996773481369019, 0.646668553352356], "f1": [0.8150715827941895, 0.6442775130271912, 0.6639591455459595, 0.6753581762313843, 0.6042742729187012, 0.6275072693824768, 0.6445478200912476, 0.6220155954360962, 0.6154099106788635, 0.7083818316459656, 0.6192290782928467, 0.6769704818725586, 0.6423494219779968, 0.6385043263435364, 0.610275149345398, 0.6172917485237122, 0.517737090587616, 0.6929314732551575, 0.7036119103431702, 0.6751721501350403, 0.6880059838294983, 0.6446296572685242, 0.5962101817131042, 0.5966837406158447, 0.6613609790802002, 0.5957958698272705, 0.6876332759857178, 0.6857770681381226, 0.5996790528297424], "hashcode": "bert-base-multilingual-cased_L9_no-idf_version=0.3.12(hug_trans=4.40.1)"}