{"precision": [0.6862804293632507, 0.6080586314201355, 0.6827456951141357, 0.6557967662811279, 0.4410565197467804, 0.8618624210357666, 0.69331955909729, 0.6581825613975525, 0.6851106286048889, 0.6444246768951416, 0.6482821702957153, 0.5577672123908997, 0.5861425399780273, 0.6888248324394226, 0.5934761762619019, 0.623085618019104, 0.6316376328468323, 0.6059602499008179, 0.6332602500915527, 0.549585223197937, 0.646024227142334, 0.7205577492713928, 0.6358728408813477, 0.6477685570716858, 0.6718701124191284, 0.623900294303894, 0.6359530687332153, 0.5797424912452698, 0.5863862037658691, 0.5462331175804138], "recall": [0.65868079662323, 0.6817837357521057, 0.7373511791229248, 0.6581689715385437, 0.4885600507259369, 0.6931479573249817, 0.6728218197822571, 0.6695815324783325, 0.6692835092544556, 0.6496506929397583, 0.6476841568946838, 0.6557822823524475, 0.6322678327560425, 0.710049569606781, 0.4350994825363159, 0.7039863467216492, 0.7036710977554321, 0.664044201374054, 0.6941574215888977, 0.7327898740768433, 0.6744694709777832, 0.7958031892776489, 0.6526322960853577, 0.7405742406845093, 0.742859959602356, 0.6761608123779297, 0.6095893979072571, 0.6713387370109558, 0.674075722694397, 0.7494615912437439], "f1": [0.6721974611282349, 0.6428142189979553, 0.7089985609054565, 0.6569806933403015, 0.46359455585479736, 0.7683526873588562, 0.6829169392585754, 0.6638331413269043, 0.6771045923233032, 0.6470271348953247, 0.6479830145835876, 0.6028165221214294, 0.608332097530365, 0.6992761492729187, 0.5020946860313416, 0.6610700488090515, 0.6657114028930664, 0.6336739659309387, 0.6623119711875916, 0.6281009316444397, 0.6599404811859131, 0.7563135027885437, 0.6441435813903809, 0.6910695433616638, 0.705583930015564, 0.6489802002906799, 0.6224921941757202, 0.6221875548362732, 0.6271806955337524, 0.6319092512130737], "hashcode": "bert-base-multilingual-cased_L9_no-idf_version=0.3.12(hug_trans=4.40.1)"}