{"bleu": 0.010735321041523862, "precisions": [0.10745820026300958, 0.0147364443604761, 0.0039901197035911076, 0.0021020447162239633], "brevity_penalty": 1.0, "length_ratio": 2.5420248328557786, "translation_length": 5323, "reference_length": 2094}