{"bleu": 0.030134855354487518, "precisions": [0.11857931229658979, 0.03168513782324524, 0.016835497217862747, 0.013037249283667621], "brevity_penalty": 1.0, "length_ratio": 3.68264721208963, "translation_length": 7067, "reference_length": 1919}