{"rouge1": 0.20656164412526176, "rouge2": 0.05105544402008064, "rougeL": 0.14538564844001062, "rougeLsum": 0.15238370887073904}