{"rouge1": 0.21099046207119532, "rouge2": 0.07345687541024225, "rougeL": 0.1515781030624141, "rougeLsum": 0.1590657214849089}