{"precision": [0.7059314846992493, 0.5819994211196899, 0.6846364140510559, 0.6698935627937317, 0.703698456287384, 0.7051728963851929, 0.6561392545700073, 0.6861465573310852, 0.8552848100662231, 0.8385366201400757, 0.8041162490844727, 0.682711124420166, 0.6230772137641907, 0.6818313598632812, 0.6359924077987671, 0.7666302919387817, 0.6481153964996338, 0.664503276348114, 0.6418627500534058, 0.704587459564209, 0.6722076535224915, 0.7020680904388428, 0.8857413530349731, 0.7051628232002258, 0.8000218868255615, 0.6822670698165894, 0.7329881191253662, 0.6677844524383545, 0.718238890171051, 0.7324172854423523], "recall": [0.6943637132644653, 0.6992685794830322, 0.6325293183326721, 0.6214846968650818, 0.6933586001396179, 0.7193123698234558, 0.5537779927253723, 0.6920917630195618, 0.7669155597686768, 0.844937801361084, 0.6728948950767517, 0.7436619997024536, 0.5585786700248718, 0.6697201728820801, 0.6475933790206909, 0.7693572044372559, 0.5496467351913452, 0.6495137810707092, 0.6980277299880981, 0.6887357831001282, 0.6338310837745667, 0.670407772064209, 0.8831979036331177, 0.6817684173583984, 0.8089086413383484, 0.668705403804779, 0.7564221620559692, 0.7453540563583374, 0.6255196332931519, 0.7100130915641785], "f1": [0.7000998258590698, 0.6352673768997192, 0.657552182674408, 0.6447818279266357, 0.6984902620315552, 0.7121725082397461, 0.6006286144256592, 0.6891063451766968, 0.8086932301521301, 0.8417250514030457, 0.7326765060424805, 0.7118843197822571, 0.5890676379203796, 0.6757215261459351, 0.6417404413223267, 0.767991304397583, 0.594833493232727, 0.6569229960441589, 0.6687681078910828, 0.6965714693069458, 0.6524555087089539, 0.6858727335929871, 0.8844677805900574, 0.693268358707428, 0.8044406771659851, 0.6754181981086731, 0.7445208430290222, 0.7044402956962585, 0.6686804294586182, 0.721041202545166], "hashcode": "bert-base-multilingual-cased_L9_no-idf_version=0.3.12(hug_trans=4.40.1)"}