{"precision": [0.6156828999519348, 0.6590172052383423, 0.5856398344039917, 0.6525912880897522, 0.5773321390151978, 0.6361919045448303, 0.703917384147644, 0.7175129652023315, 0.6116695404052734, 0.5332337021827698, 0.6859864592552185, 0.6079788208007812, 0.6308218836784363, 0.5984009504318237, 0.5952827334403992, 0.6528638601303101, 0.5827108025550842, 0.8479567170143127, 0.6554812788963318, 0.6900336146354675, 0.6162737607955933, 0.8053698539733887, 0.611480176448822, 0.6468396186828613, 0.6559453010559082, 0.6599068641662598, 0.6616420745849609, 0.5212076902389526, 0.8176527619361877, 0.6253916621208191], "recall": [0.6957463026046753, 0.6975842118263245, 0.7226626873016357, 0.6884536147117615, 0.6773339509963989, 0.6524896025657654, 0.5743771195411682, 0.6980741620063782, 0.6663628816604614, 0.7031106948852539, 0.6864309906959534, 0.6565540432929993, 0.6259417533874512, 0.6475164890289307, 0.5910693407058716, 0.656676173210144, 0.6499497890472412, 0.8643410205841064, 0.6118653416633606, 0.7714086771011353, 0.6788661479949951, 0.6622155904769897, 0.7026775479316711, 0.6716521382331848, 0.6247357130050659, 0.6624630093574524, 0.6732654571533203, 0.6019220948219299, 0.766898512840271, 0.6368428468704224], "f1": [0.6532706022262573, 0.6777524352073669, 0.6469758749008179, 0.6700429320335388, 0.623347818851471, 0.6442376971244812, 0.632583498954773, 0.7076600790023804, 0.6378459334373474, 0.6065014600753784, 0.6862086653709412, 0.6313335299491882, 0.628372311592102, 0.6219906210899353, 0.5931685566902161, 0.6547644734382629, 0.6144964694976807, 0.8560704588890076, 0.6329227685928345, 0.7284556031227112, 0.6460574269294739, 0.7268108129501343, 0.6539145112037659, 0.6590124368667603, 0.6399602293968201, 0.6611825227737427, 0.6674031615257263, 0.5586645603179932, 0.7914627194404602, 0.6310653686523438], "hashcode": "bert-base-multilingual-cased_L9_no-idf_version=0.3.12(hug_trans=4.40.1)"}