{"bleu": 0.0687511398236899, "precisions": [0.35960264900662253, 0.11756756756756757, 0.07862068965517241, 0.059154929577464786], "brevity_penalty": 0.5805910693492061, "length_ratio": 0.6477906477906478, "translation_length": 1510, "reference_length": 2331}