{"bleu": 0.03517343620850241, "precisions": [0.1548223350253807, 0.03839590443686007, 0.0189328743545611, 0.013599537037037037], "brevity_penalty": 1.0, "length_ratio": 2.0344234079173837, "translation_length": 3546, "reference_length": 1743}