{"rouge1": 0.23904140742533114, "rouge2": 0.07857342705204426, "rougeL": 0.17055232546470014, "rougeLsum": 0.1788016147026515}