{"rouge1": 0.3189906337820885, "rouge2": 0.13475995036911334, "rougeL": 0.23582202911749522, "rougeLsum": 0.24342901180454699}