{"precision": [0.7650842666625977, 0.7274287343025208, 0.5877977609634399, 0.6878317594528198, 0.6345140337944031, 0.7593289613723755, 0.6921336054801941, 0.7295118570327759, 0.6211440563201904, 0.6429049968719482, 0.5678858757019043, 0.6616183519363403, 0.7437482476234436, 0.707466185092926, 0.606723427772522, 0.8960884213447571, 0.4470752775669098, 0.6419806480407715, 0.691992998123169, 0.6119060516357422, 0.639426589012146, 0.8474575281143188, 0.7419570684432983, 0.46501660346984863, 0.6797757744789124, 0.643334150314331, 0.8808344006538391, 0.7909638285636902, 0.7096063494682312, 0.705395519733429], "recall": [0.7454110980033875, 0.7802553772926331, 0.668114423751831, 0.6718567609786987, 0.6994220614433289, 0.7053332924842834, 0.690981388092041, 0.8538557291030884, 0.6598131656646729, 0.7440521717071533, 0.6162703037261963, 0.6606838703155518, 0.6676540374755859, 0.7366703748703003, 0.6617474555969238, 0.7793682813644409, 0.5005469918251038, 0.6835393905639648, 0.7047826051712036, 0.6035548448562622, 0.7021080851554871, 0.8572421669960022, 0.8282579183578491, 0.4467877447605133, 0.7222940921783447, 0.6927621364593506, 0.8382571339607239, 0.7503593564033508, 0.684906005859375, 0.6747482419013977], "f1": [0.7551195621490479, 0.7529165744781494, 0.625387966632843, 0.679750382900238, 0.6653888821601868, 0.7313357591629028, 0.691556990146637, 0.7868013381958008, 0.639894962310791, 0.6897904276847839, 0.5910896062850952, 0.6611508131027222, 0.7036499381065369, 0.7217729091644287, 0.63304203748703, 0.8336626887321472, 0.47230249643325806, 0.6621085405349731, 0.6983292698860168, 0.6077017784118652, 0.6693029999732971, 0.8523217439651489, 0.7827358841896057, 0.4557199776172638, 0.7003902792930603, 0.6671338677406311, 0.8590185046195984, 0.7701267600059509, 0.697037398815155, 0.6897315979003906], "hashcode": "bert-base-multilingual-cased_L9_no-idf_version=0.3.12(hug_trans=4.40.1)"}