{"precision": [0.5325609445571899, 0.6059278249740601, 0.542212724685669, 0.5836295485496521, 0.5764138102531433, 0.6480368971824646, 0.6543929576873779, 0.6226982474327087, 0.6652522683143616, 0.6496438384056091, 0.5527405142784119, 0.5859378576278687, 0.6730884313583374, 0.7164747714996338, 0.6073031425476074, 0.9533217549324036, 0.6114378571510315, 0.6284361481666565, 0.5754122138023376, 0.6278836727142334, 0.5665037631988525, 0.6141757965087891, 0.6212831735610962, 0.5079475045204163, 0.6322884559631348, 0.6782052516937256, 0.5343483686447144, 0.9639275074005127, 0.639512300491333], "recall": [0.6749813556671143, 0.6574409604072571, 0.6548583507537842, 0.6701100468635559, 0.629436731338501, 0.8405131101608276, 0.6559798717498779, 0.6760163307189941, 0.666720986366272, 0.673582136631012, 0.6716464161872864, 0.6946125030517578, 0.7445907592773438, 0.6940133571624756, 0.629956841468811, 0.9797980785369873, 0.7094286680221558, 0.7021678686141968, 0.613089919090271, 0.7033819556236267, 0.6537488102912903, 0.6910794973373413, 0.662866473197937, 0.6049330234527588, 0.6140010356903076, 0.6534762978553772, 0.6744627952575684, 0.8604428172111511, 0.6326329708099365], "f1": [0.5953724384307861, 0.6306341290473938, 0.5932354927062988, 0.6238871812820435, 0.6017594933509827, 0.7318310141563416, 0.6551854610443115, 0.6482627987861633, 0.6659858226776123, 0.6613964438438416, 0.6064197421073914, 0.6356638073921204, 0.7070364356040955, 0.7050651907920837, 0.6184226274490356, 0.9663786292076111, 0.6567984223365784, 0.6632591485977173, 0.5936538577079773, 0.66349196434021, 0.6070074439048767, 0.6503620743751526, 0.6414015293121338, 0.5522142648696899, 0.6230105757713318, 0.665611207485199, 0.5962851643562317, 0.9092500805854797, 0.6360540390014648], "hashcode": "bert-base-multilingual-cased_L9_no-idf_version=0.3.12(hug_trans=4.40.1)"}