{"bleu": 0.031007292128540243, "precisions": [0.11392142635016067, 0.03275109170305677, 0.017415788924809678, 0.014225941422594143], "brevity_penalty": 1.0, "length_ratio": 3.869634977938227, "translation_length": 9647, "reference_length": 2493}