{"bleu": 0.07523578958822924, "precisions": [0.1833616298811545, 0.07667663391712944, 0.05374032674118659, 0.04240588489831242], "brevity_penalty": 1.0, "length_ratio": 1.8916097952629467, "translation_length": 4712, "reference_length": 2491}