{"rouge1": 0.2265764070652315, "rouge2": 0.1049604505747401, "rougeL": 0.16482040479603222, "rougeLsum": 0.1776010613724261}