{"rouge1": 0.34695375450843224, "rouge2": 0.18490610247276734, "rougeL": 0.2582507573679593, "rougeLsum": 0.27724922074860153}