{"precision": [0.6044936180114746, 0.6222082376480103, 0.8665549159049988, 0.7664715647697449, 0.6927705407142639, 0.5616970062255859, 0.7260905504226685, 0.6355553269386292, 0.7682477235794067, 0.6733404397964478, 0.8090280890464783, 0.5573564767837524, 0.6739515066146851, 0.9072262644767761, 0.6777529120445251, 0.6627014875411987, 0.6226499080657959, 0.6184160709381104, 0.6418666243553162, 0.7027318477630615, 0.5963438153266907, 0.6843698620796204, 0.6438629031181335, 0.8671140670776367, 0.6770184636116028, 0.6889017224311829, 0.7386857271194458, 0.6199520826339722, 0.6942771673202515], "recall": [0.7296444773674011, 0.653741180896759, 0.8584897518157959, 0.7147560119628906, 0.5487740635871887, 0.686102032661438, 0.8646999597549438, 0.6818910241127014, 0.8101036548614502, 0.6192251443862915, 0.7914606332778931, 0.68597012758255, 0.6785203814506531, 0.920738697052002, 0.6463392972946167, 0.6821961402893066, 0.584182858467102, 0.5510642528533936, 0.6862269639968872, 0.6248544454574585, 0.6705006957054138, 0.7560849189758301, 0.6590472459793091, 0.8659329414367676, 0.6610749363899231, 0.703430712223053, 0.8045255541801453, 0.668910562992096, 0.7127369046211243], "f1": [0.6611990332603455, 0.6375850439071655, 0.8625034093856812, 0.7397109866142273, 0.6124218702316284, 0.6176979541778564, 0.7893565893173218, 0.6579083204269409, 0.7886207103729248, 0.6451500058174133, 0.8001479506492615, 0.6150111556053162, 0.6762282848358154, 0.9139325022697449, 0.6616734862327576, 0.672307550907135, 0.6028032898902893, 0.5828007459640503, 0.6633059978485107, 0.6615089774131775, 0.6312518119812012, 0.7184422016143799, 0.651366651058197, 0.8665231466293335, 0.668951690196991, 0.6960904598236084, 0.7702012062072754, 0.6435014009475708, 0.7033858895301819], "hashcode": "bert-base-multilingual-cased_L9_no-idf_version=0.3.12(hug_trans=4.40.1)"}