{"bleu": 0.10341142711795598, "precisions": [0.300148588410104, 0.12864321608040202, 0.0861805201427843, 0.06780538302277432], "brevity_penalty": 0.8437609304947024, "length_ratio": 0.8547840812870449, "translation_length": 2019, "reference_length": 2362}