{"rouge1": 0.32200520477679695, "rouge2": 0.1614892236075339, "rougeL": 0.25846942868053224, "rougeLsum": 0.25862580727656864}