{"precision": [0.7051628232002258, 0.8041162490844727, 0.731296718120575, 0.6372548341751099, 0.6439279317855835, 0.6669870615005493, 0.6913753747940063, 0.7206863164901733, 0.6057570576667786, 0.7359641790390015, 0.6930643320083618, 0.6685776710510254, 0.6888827681541443, 0.8218521475791931, 0.6857939958572388, 0.8646818399429321, 0.640950620174408, 0.6383147835731506, 0.6818313598632812, 0.6481153964996338, 0.688820481300354, 0.6630778312683105, 0.6619967818260193, 0.7051728963851929, 0.7059314250946045, 0.6677844524383545, 0.703698456287384, 0.6992861032485962, 0.9999998807907104, 0.6685658097267151], "recall": [0.6817684173583984, 0.6728948950767517, 0.6856399774551392, 0.6213779449462891, 0.6534323692321777, 0.6892942786216736, 0.731298565864563, 0.7116902470588684, 0.4879576563835144, 0.7914637327194214, 0.6830544471740723, 0.5942573547363281, 0.6459879875183105, 0.6782999038696289, 0.706283450126648, 0.8158923983573914, 0.7815659642219543, 0.6175515651702881, 0.6697201728820801, 0.5496467351913452, 0.7073619961738586, 0.666586697101593, 0.7063133716583252, 0.7193123698234558, 0.6943637132644653, 0.7453540563583374, 0.6933586001396179, 0.716650664806366, 0.9999998807907104, 0.6784459352493286], "f1": [0.693268358707428, 0.7326765060424805, 0.7077327966690063, 0.6292162537574768, 0.6486453413963318, 0.6779572367668152, 0.7107768058776855, 0.716159999370575, 0.5405135154724121, 0.7627056837081909, 0.6880229711532593, 0.6292305588722229, 0.666746199131012, 0.743207573890686, 0.6958879232406616, 0.8395789265632629, 0.7043084502220154, 0.6277616024017334, 0.6757215261459351, 0.594833493232727, 0.6979681253433228, 0.6648277044296265, 0.6834374070167542, 0.7121725082397461, 0.700099766254425, 0.7044402956962585, 0.6984902620315552, 0.7078619599342346, 0.9999998807907104, 0.673469603061676], "hashcode": "bert-base-multilingual-cased_L9_no-idf_version=0.3.12(hug_trans=4.40.1)"}