{"bleu": 0.055882604863389064, "precisions": [0.3218884120171674, 0.08552631578947369, 0.04035874439461883, 0.028287461773700305], "brevity_penalty": 0.7463498647303414, "length_ratio": 0.7736579966795795, "translation_length": 1398, "reference_length": 1807}