{"rouge1": 0.31045767665778257, "rouge2": 0.11827828558965288, "rougeL": 0.2165114600864625, "rougeLsum": 0.2314956216797783}