{"bleu": 0.05248565610508761, "precisions": [0.23917525773195877, 0.060502881089575695, 0.028487752928647497, 0.018408229561451002], "brevity_penalty": 1.0, "length_ratio": 1.1101573676680974, "translation_length": 3880, "reference_length": 3495}