{"rouge1": 0.28654966009648986, "rouge2": 0.11200618814115185, "rougeL": 0.21450852581182633, "rougeLsum": 0.21640779003496372}