{"score": 5.248565610508761, "counts": [928, 231, 107, 68], "totals": [3880, 3818, 3756, 3694], "precisions": [23.917525773195877, 6.050288108957569, 2.8487752928647496, 1.8408229561451002], "bp": 1.0, "sys_len": 3880, "ref_len": 3495}