{"precision": [0.6394412517547607, 0.6831189393997192, 0.7167562246322632, 0.664478063583374, 0.6830233335494995, 0.737354040145874, 0.6712316274642944, 0.681638777256012, 0.6900266408920288, 0.7207162976264954, 0.7493495941162109, 0.7036055326461792, 0.5950040817260742, 0.6564215421676636, 0.6888911724090576, 0.6206784248352051, 0.8317160606384277, 0.6566298007965088, 0.6248753070831299, 0.664375364780426, 0.5941915512084961, 0.6885054707527161, 0.6044602394104004, 0.6635775566101074, 0.6814738512039185, 0.7642496824264526, 0.6649880409240723, 0.6542510986328125, 0.72368323802948, 0.6509003043174744], "recall": [0.5973638892173767, 0.6344646215438843, 0.7193974256515503, 0.6738069653511047, 0.6826955080032349, 0.6765620708465576, 0.6545792818069458, 0.6518637537956238, 0.7295286655426025, 0.7016115784645081, 0.7324183583259583, 0.6813101172447205, 0.6297309398651123, 0.667940616607666, 0.6687610149383545, 0.6094400882720947, 0.8258448839187622, 0.6735730171203613, 0.6532595157623291, 0.7052192091941833, 0.6561226844787598, 0.6491901874542236, 0.5904250144958496, 0.6770870089530945, 0.6152622699737549, 0.6997271776199341, 0.7118202447891235, 0.6792852282524109, 0.8020902872085571, 0.6962210536003113], "f1": [0.6176867485046387, 0.6578934192657471, 0.718074381351471, 0.6691100001335144, 0.6828594207763672, 0.7056511640548706, 0.6628009080886841, 0.6664188504219055, 0.709227979183197, 0.7110356688499451, 0.7407873272895813, 0.6922783851623535, 0.6118751764297485, 0.6621309518814087, 0.6786768436431885, 0.6150078773498535, 0.8287700414657593, 0.6649935245513916, 0.6387522220611572, 0.6841882467269897, 0.6236233115196228, 0.6682701110839844, 0.5973601937294006, 0.6702641844749451, 0.6466776728630066, 0.7305665612220764, 0.6876076459884644, 0.6665331721305847, 0.7608721852302551, 0.6727983355522156], "hashcode": "bert-base-multilingual-cased_L9_no-idf_version=0.3.12(hug_trans=4.40.1)"}