{"rouge1": 0.2800804305771958, "rouge2": 0.06886332766198008, "rougeL": 0.18160904597900568, "rougeLsum": 0.1900146396582587}