{"precision": [0.6095572113990784, 0.6918390393257141, 0.7115503549575806, 0.6475747227668762, 0.663444459438324, 0.6140970587730408, 0.8730407953262329, 0.5761064291000366, 0.7874463200569153, 0.6742219924926758, 0.6609652042388916, 0.7880356907844543, 0.7086406946182251, 0.6703189015388489, 0.6563008427619934, 0.5687870383262634, 0.7136039733886719, 0.6597248911857605, 0.5197755098342896, 0.7671637535095215, 0.6218886375427246, 0.5992447137832642, 0.6630963683128357, 0.6156103610992432, 0.6986165046691895, 0.6346054077148438, 0.6622732877731323, 0.6735823154449463, 0.6637822985649109, 0.6285841464996338], "recall": [0.6642051339149475, 0.6767401695251465, 0.7320885062217712, 0.5753448009490967, 0.6639703512191772, 0.6533371210098267, 0.7959855794906616, 0.662459135055542, 0.7221829295158386, 0.6759535074234009, 0.8506259918212891, 0.6696584820747375, 0.7890048623085022, 0.6598549485206604, 0.8373124599456787, 0.5845847129821777, 0.6552928686141968, 0.6855329871177673, 0.652168333530426, 0.7237964868545532, 0.6534891128540039, 0.7370554804801941, 0.7142019867897034, 0.7023626565933228, 0.6914719343185425, 0.6786512732505798, 0.6830155849456787, 0.693610429763794, 0.746920108795166, 0.591858983039856], "f1": [0.6357088685035706, 0.6842063069343567, 0.7216733694076538, 0.6093267202377319, 0.6637073159217834, 0.6331096887588501, 0.8327344655990601, 0.616272509098053, 0.753403902053833, 0.6750866174697876, 0.7438971400260925, 0.7240404486656189, 0.7466665506362915, 0.6650457978248596, 0.7358382940292358, 0.5765776634216309, 0.6832064986228943, 0.6723814010620117, 0.5784937739372253, 0.744849443435669, 0.6372973918914795, 0.6610440015792847, 0.6877010464668274, 0.656131386756897, 0.6950258612632751, 0.6558896899223328, 0.6724845170974731, 0.6834496855735779, 0.7029013633728027, 0.609669029712677], "hashcode": "bert-base-multilingual-cased_L9_no-idf_version=0.3.12(hug_trans=4.40.1)"}