{"precision": [0.921831488609314, 0.6294128894805908, 0.6133165955543518, 0.6422786712646484, 0.5585451722145081, 0.512580156326294, 0.6075119376182556, 0.6288673877716064, 0.5949744582176208, 0.6387730240821838, 0.5946415066719055, 0.5862932801246643, 0.6719713807106018, 0.6411870121955872, 0.6185621619224548, 0.6058614253997803, 0.6063826084136963, 0.6233828067779541, 0.6351184248924255, 0.6352376341819763, 0.6245043277740479, 0.6311112642288208, 0.6562299728393555, 0.5771948099136353, 0.6403558850288391, 0.5631383657455444, 0.5795626044273376, 0.7253224849700928, 0.6071533560752869, 0.6026415824890137], "recall": [0.7497043013572693, 0.7521780729293823, 0.6833264231681824, 0.6074025630950928, 0.5770589709281921, 0.5887711048126221, 0.6948655247688293, 0.6247525215148926, 0.7523694038391113, 0.656692385673523, 0.636621356010437, 0.6600033044815063, 0.6316087245941162, 0.6587081551551819, 0.7132476568222046, 0.6559807062149048, 0.6819794178009033, 0.695296049118042, 0.6314288377761841, 0.6651231050491333, 0.6690945029258728, 0.7142338752746582, 0.7909396886825562, 0.6802796721458435, 0.6948575377464294, 0.6749024391174316, 0.6041249632835388, 0.926424503326416, 0.6919335722923279, 0.6774265766143799], "f1": [0.8269054889678955, 0.6853411793708801, 0.6464314460754395, 0.6243539452552795, 0.5676511526107788, 0.5480402112007141, 0.6482592225074768, 0.6268032193183899, 0.6644785404205322, 0.647608757019043, 0.6149157881736755, 0.6209685206413269, 0.6511651873588562, 0.6498295068740845, 0.6625390648841858, 0.6299257278442383, 0.6419631242752075, 0.6573785543441772, 0.6332682967185974, 0.6498369574546814, 0.646030843257904, 0.6701046824455261, 0.7173150777816772, 0.6245118975639343, 0.6664943695068359, 0.6139756441116333, 0.5915889143943787, 0.8136312961578369, 0.6467770338058472, 0.6378495097160339], "hashcode": "bert-base-multilingual-cased_L9_no-idf_version=0.3.12(hug_trans=4.40.1)"}