{"bleu": 0.07106097984380139, "precisions": [0.21368368864650472, 0.06868131868131869, 0.0463009562154001, 0.037525354969574036], "brevity_penalty": 1.0, "length_ratio": 1.620731217356368, "translation_length": 4034, "reference_length": 2489}