{"bleu": 0.038837148951595256, "precisions": [0.1320754716981132, 0.03901515151515152, 0.023447401774397972, 0.018829516539440202], "brevity_penalty": 1.0, "length_ratio": 3.0506523407521104, "translation_length": 7950, "reference_length": 2606}