{"rouge1": 0.29240892202121105, "rouge2": 0.11066848437169577, "rougeL": 0.19670074339830687, "rougeLsum": 0.21011792646422897}