{"rouge1": 0.21272417895181733, "rouge2": 0.08020514044188176, "rougeL": 0.14930167047107176, "rougeLsum": 0.16407609341817125}