{"precision": [0.8121466040611267, 0.6863880157470703, 0.6795130968093872, 0.6883808374404907, 0.8097522854804993, 0.658575177192688, 0.9365785717964172, 0.7830398082733154, 0.791826069355011, 0.9121325016021729, 0.6507118940353394, 0.7309078574180603, 0.900626003742218, 0.8658555746078491, 0.907454788684845, 0.747422993183136, 0.7563881278038025, 0.9374175667762756, 0.6317175626754761, 0.7396976351737976, 0.643607497215271, 0.7663463354110718, 0.6669167280197144, 0.669482946395874, 0.6192173957824707, 0.9395323395729065, 0.6865339875221252, 0.7050188183784485, 0.8754059672355652, 0.6498218178749084], "recall": [0.5993759632110596, 0.686281144618988, 0.6626309752464294, 0.8017720580101013, 0.8553670048713684, 0.6478976011276245, 0.8997531533241272, 0.7611075043678284, 0.7335750460624695, 0.779099702835083, 0.6414361596107483, 0.7863473892211914, 0.8752731084823608, 0.7803453803062439, 0.8944895267486572, 0.8839271664619446, 0.7210419178009033, 0.8789359331130981, 0.6471434235572815, 0.7139337658882141, 0.7045046091079712, 0.8630775809288025, 0.7225831151008606, 0.6811226010322571, 0.6734727621078491, 0.9456202983856201, 0.7635025382041931, 0.6850371956825256, 0.750355064868927, 0.6678487062454224], "f1": [0.6897249221801758, 0.6863345503807068, 0.6709659099578857, 0.7407622933387756, 0.8319348096847534, 0.6531927585601807, 0.9177966117858887, 0.7719179391860962, 0.7615883350372314, 0.8403838872909546, 0.646040678024292, 0.7576147317886353, 0.887768566608429, 0.8208796381950378, 0.9009255766868591, 0.8099640607833862, 0.7382922172546387, 0.9072352051734924, 0.639337420463562, 0.7265874147415161, 0.6726806163787842, 0.8118407726287842, 0.6936348676681519, 0.6752526760101318, 0.6452065110206604, 0.9425665140151978, 0.7229755520820618, 0.6948844194412231, 0.8080711364746094, 0.6587119102478027], "hashcode": "bert-base-multilingual-cased_L9_no-idf_version=0.3.12(hug_trans=4.40.1)"}