{"precision": [0.6008877754211426, 0.5885782241821289, 0.6120756268501282, 0.5185092687606812, 0.6297258138656616, 0.6016967296600342, 0.6022390127182007, 0.5414455533027649, 0.621491014957428, 0.5060540437698364, 0.6741589903831482, 0.5747600793838501, 0.6185943484306335, 0.4690319895744324, 0.5724827647209167, 0.6065468788146973, 0.5960046052932739, 0.6176480650901794, 0.5413661599159241, 0.5894947052001953, 0.6247434616088867, 0.5155364274978638, 0.5608948469161987, 0.564965009689331, 0.5913920998573303, 0.44148242473602295, 0.579883337020874, 0.5978403687477112, 0.6460300087928772, 0.6311764717102051], "recall": [0.6518414616584778, 0.6947288513183594, 0.7045403718948364, 0.6362489461898804, 0.734391450881958, 0.6661027669906616, 0.6576188802719116, 0.6960867643356323, 0.6441323161125183, 0.6714847087860107, 0.6997942328453064, 0.6695703268051147, 0.679170548915863, 0.6642885208129883, 0.6450044512748718, 0.6794602870941162, 0.7885498404502869, 0.7465192675590515, 0.654414176940918, 0.8103138208389282, 0.6527950763702393, 0.658380389213562, 0.6594870686531067, 0.6023849248886108, 0.6612862348556519, 0.6220842003822327, 0.6682521104812622, 0.6691797375679016, 0.8170685172080994, 0.6214430332183838], "f1": [0.6253284215927124, 0.6372633576393127, 0.6550610661506653, 0.5713767409324646, 0.6780432462692261, 0.6322637796401978, 0.6287117600440979, 0.6091041564941406, 0.6326091289520264, 0.5771487951278687, 0.6867374777793884, 0.6185532212257385, 0.6474686861038208, 0.5498400926589966, 0.6065836548805237, 0.640936553478241, 0.6788889765739441, 0.6759965419769287, 0.5925464630126953, 0.6824871897697449, 0.6384612917900085, 0.5782676339149475, 0.6062083840370178, 0.583075225353241, 0.6243892312049866, 0.516449511051178, 0.6209394335746765, 0.6315016746520996, 0.7215519547462463, 0.6262719631195068], "hashcode": "bert-base-multilingual-cased_L9_no-idf_version=0.3.12(hug_trans=4.40.1)"}