{"bleu": 0.02865593892131218, "precisions": [0.09542524760257821, 0.028127954617081626, 0.017532775232980573, 0.014328689043698543], "brevity_penalty": 1.0, "length_ratio": 5.133979015334948, "translation_length": 12722, "reference_length": 2478}