{"bleu": 0.17108294871186464, "precisions": [0.36706181202370874, 0.18910806174957118, 0.1355343179843614, 0.10695422535211267], "brevity_penalty": 0.9605779423203312, "length_ratio": 0.9613349613349613, "translation_length": 2362, "reference_length": 2457}