{"rouge1": 0.4433191498226348, "rouge2": 0.28675855959990415, "rougeL": 0.3670217192309435, "rougeLsum": 0.3737137596288975}