{"rouge1": 0.16611632027757423, "rouge2": 0.054875550900798334, "rougeL": 0.11648533009368053, "rougeLsum": 0.1367872587114058}