{"precision": [0.6627014875411987, 0.6655722856521606, 0.635026216506958, 0.8772109746932983, 0.8343774676322937, 0.6216071844100952, 0.6402761340141296, 0.725969135761261, 0.8900837898254395, 0.6370192766189575, 0.6695027947425842, 0.7153660655021667, 0.962967574596405, 0.6645868420600891, 0.7801862955093384, 0.7882091999053955, 0.6184160709381104, 0.6361837387084961, 0.655489444732666, 0.745148777961731, 0.6226499080657959, 0.7258752584457397, 0.7274006009101868, 0.7682477235794067, 0.6739515066146851, 0.872050404548645, 0.6313495635986328, 0.6915280222892761, 0.6679248213768005], "recall": [0.6821961402893066, 0.6888256072998047, 0.6618711948394775, 0.7885642051696777, 0.7468624711036682, 0.6311057806015015, 0.6621514558792114, 0.6947066783905029, 0.8566968441009521, 0.7034962773323059, 0.6347278356552124, 0.7014881372451782, 0.9230713248252869, 0.6296709179878235, 0.8632393479347229, 0.5964887142181396, 0.5510641932487488, 0.6478247046470642, 0.7221632599830627, 0.8986244201660156, 0.584182858467102, 0.6703416109085083, 0.7522902488708496, 0.8101036548614502, 0.6785203814506531, 0.8136947154998779, 0.6565852165222168, 0.6171261668205261, 0.5873051881790161], "f1": [0.672307550907135, 0.6769993305206299, 0.6481708288192749, 0.8305288553237915, 0.7881981134414673, 0.626320481300354, 0.6510301232337952, 0.7099939584732056, 0.8730712532997131, 0.6686094403266907, 0.6516516804695129, 0.7083591818809509, 0.942597508430481, 0.6466578841209412, 0.8196141719818115, 0.6790764927864075, 0.5828006863594055, 0.6419514417648315, 0.6872130036354065, 0.8147217631340027, 0.6028032898902893, 0.6970040202140808, 0.7396360635757446, 0.7886207103729248, 0.6762282848358154, 0.8418624997138977, 0.6437201499938965, 0.6522120833396912, 0.6250260472297668], "hashcode": "bert-base-multilingual-cased_L9_no-idf_version=0.3.12(hug_trans=4.40.1)"}