{"bleu": 0.1142776026551859, "precisions": [0.38103651354534745, 0.1701617735170761, 0.1225609756097561, 0.09993792675356922], "brevity_penalty": 0.6807432367675925, "length_ratio": 0.7222458528285836, "translation_length": 1698, "reference_length": 2351}