{"rouge1": 0.3575217545265159, "rouge2": 0.19701915467359463, "rougeL": 0.2862684448399666, "rougeLsum": 0.29056183703331684}