{"precision": [0.47358864545822144, 0.6892279386520386, 0.5680166482925415, 0.6438541412353516, 0.6020960211753845, 0.5375223755836487, 0.6420713663101196, 0.5723161101341248, 0.5648103952407837, 0.6698276996612549, 0.5592684745788574, 0.5705452561378479, 0.6716389060020447, 0.5474029779434204, 0.7637531161308289, 0.5687375068664551, 0.46362680196762085, 0.6184687614440918, 0.612005889415741, 0.826533317565918, 0.5923820734024048, 0.6400032639503479, 0.6389873623847961, 0.6297606825828552, 0.637078046798706, 0.5887292623519897, 0.5733444690704346, 0.6197978854179382, 0.6898663640022278], "recall": [0.5665659308433533, 0.8541705012321472, 0.6915080547332764, 0.6229615211486816, 0.6370413303375244, 0.5946668982505798, 0.6343929767608643, 0.6983413696289062, 0.7562706470489502, 0.6760939955711365, 0.6565738320350647, 0.6855829954147339, 0.7289195656776428, 0.6774941086769104, 0.8502791523933411, 0.6569719910621643, 0.58866947889328, 0.6931185722351074, 0.6989059448242188, 0.8865160346031189, 0.6433504819869995, 0.6328514814376831, 0.6700058579444885, 0.6212305426597595, 0.6423360705375671, 0.6650914549827576, 0.6207113265991211, 0.6760598421096802, 0.6937614679336548], "f1": [0.5159217715263367, 0.762885570526123, 0.6237084269523621, 0.633235514163971, 0.6190758943557739, 0.5646525621414185, 0.6382091045379639, 0.6290790438652039, 0.6466666460037231, 0.6729462146759033, 0.6040274500846863, 0.6227964758872986, 0.6991078853607178, 0.6055403351783752, 0.8046968579292297, 0.6096789240837097, 0.5187187790870667, 0.6536692976951599, 0.6525756120681763, 0.8554744720458984, 0.6168151497840881, 0.6364072561264038, 0.6541290879249573, 0.625466525554657, 0.6396962404251099, 0.6245850324630737, 0.5960884094238281, 0.6467075347900391, 0.6918084025382996], "hashcode": "bert-base-multilingual-cased_L9_no-idf_version=0.3.12(hug_trans=4.40.1)"}