{"precision": [0.6535901427268982, 0.41843658685684204, 0.626691460609436, 0.5706759095191956, 0.5623605251312256, 0.8297040462493896, 0.7174615263938904, 0.663453221321106, 0.6308082342147827, 0.5986922979354858, 0.6213062405586243, 0.6451582908630371, 0.5985832214355469, 0.6237154006958008, 0.6345475912094116, 0.8377091884613037, 0.6077108383178711, 0.6272166967391968, 0.9060377478599548, 0.6125859618186951, 0.5388701558113098, 0.6030406355857849, 0.7547574639320374, 0.6240100860595703, 0.5881726145744324, 0.6399019360542297, 0.71461021900177, 0.6452094316482544, 0.5212076902389526], "recall": [0.6504422426223755, 0.4702307879924774, 0.675825297832489, 0.6467599272727966, 0.7096191644668579, 0.8369589447975159, 0.796619176864624, 0.613639771938324, 0.6789751052856445, 0.7065659761428833, 0.726616382598877, 0.6716498136520386, 0.66498863697052, 0.728489339351654, 0.7081582546234131, 0.779924750328064, 0.6840749979019165, 0.6684118509292603, 0.8989379405975342, 0.6894014477729797, 0.6884536743164062, 0.6722866296768188, 0.6634762287139893, 0.6484936475753784, 0.6855186223983765, 0.7156049013137817, 0.6722098588943481, 0.6647776961326599, 0.6019220948219299], "f1": [0.6520124673843384, 0.4428243637084961, 0.6503316760063171, 0.6063404679298401, 0.6274656653404236, 0.8333157300949097, 0.7549711465835571, 0.6375750303268433, 0.6540060043334961, 0.6481714844703674, 0.6698475480079651, 0.6581375598907471, 0.6300410032272339, 0.6720432043075562, 0.669335126876831, 0.8077848553657532, 0.6436357498168945, 0.6471593379974365, 0.9024738669395447, 0.6487277150154114, 0.6045464873313904, 0.6357837319374084, 0.7061793804168701, 0.636016309261322, 0.6331256628036499, 0.6756394505500793, 0.6927618980407715, 0.6548474431037903, 0.5586645603179932], "hashcode": "bert-base-multilingual-cased_L9_no-idf_version=0.3.12(hug_trans=4.40.1)"}