{"bleu": 0.02887649123787179, "precisions": [0.11747572815533981, 0.031539587059014794, 0.01633453119895459, 0.011488593467914], "brevity_penalty": 1.0, "length_ratio": 3.304812834224599, "translation_length": 6180, "reference_length": 1870}