{"bleu": 0.027430786282274394, "precisions": [0.09825732295142751, 0.028156784916894072, 0.01605875762479771, 0.012743628185907047], "brevity_penalty": 1.0, "length_ratio": 4.423728813559322, "translation_length": 8091, "reference_length": 1829}