{"rouge1": 0.21846701196124385, "rouge2": 0.08165991052113071, "rougeL": 0.16164538223246722, "rougeLsum": 0.17328542993310925}