{"rouge1": 0.24504740698006205, "rouge2": 0.11004359344008688, "rougeL": 0.1815678081934956, "rougeLsum": 0.1986516218609416}