{"precision": [0.6285622715950012, 0.5963438153266907, 0.6781685948371887, 0.6603575944900513, 0.5617866516113281, 0.6402761340141296, 0.6899108290672302, 0.907454788684845, 0.7416701316833496, 0.6199520826339722, 0.5964475870132446, 0.620227038860321, 0.791528046131134, 0.6699491739273071, 0.679371178150177, 0.6004283428192139, 0.740791916847229, 0.5565755367279053, 0.6679247617721558, 0.6199855804443359, 0.664027750492096, 0.7166449427604675, 0.7705161571502686, 0.6352367401123047, 0.8181812763214111, 0.8509356379508972, 0.6975755095481873, 0.7845445275306702, 0.8837876319885254, 0.7033966779708862], "recall": [0.7574140429496765, 0.6705006957054138, 0.7112370133399963, 0.690829873085022, 0.4061968922615051, 0.6621514558792114, 0.674371600151062, 0.8944895267486572, 0.7076324224472046, 0.668910562992096, 0.6135306358337402, 0.6551613807678223, 0.8209463357925415, 0.669840395450592, 0.6986812353134155, 0.6661567687988281, 0.7725653052330017, 0.5150147676467896, 0.5873051881790161, 0.6064248085021973, 0.6692382097244263, 0.7709614634513855, 0.918586254119873, 0.736739456653595, 0.8167738914489746, 0.7435759902000427, 0.7260944843292236, 0.6414785385131836, 0.8819195032119751, 0.6927713751792908], "f1": [0.6869986057281494, 0.6312518119812012, 0.6943092942237854, 0.6752501130104065, 0.4714873433113098, 0.6510301232337952, 0.682052731513977, 0.9009255766868591, 0.7242515683174133, 0.6435014009475708, 0.6048685312271118, 0.6372157335281372, 0.8059687614440918, 0.6698947548866272, 0.6888908743858337, 0.6315870881080627, 0.7563450932502747, 0.5349891781806946, 0.6250260472297668, 0.6131302118301392, 0.6666227579116821, 0.7428115606307983, 0.8380611538887024, 0.6822333931922913, 0.8174769878387451, 0.7936415076255798, 0.7115493416786194, 0.7058349847793579, 0.8828526139259338, 0.6980436444282532], "hashcode": "bert-base-multilingual-cased_L9_no-idf_version=0.3.12(hug_trans=4.40.1)"}