{"precision": [0.5212119817733765, 0.6288125514984131, 0.6426526308059692, 0.6262810230255127, 0.6800729632377625, 0.5825537443161011, 0.612058699131012, 0.6424804329872131, 0.6396814584732056, 0.5812807083129883, 0.5751863718032837, 0.8431039452552795, 0.7916297912597656, 0.5742347836494446, 0.6442757248878479, 0.656256914138794, 0.5966235995292664, 0.6767621040344238, 0.5665537118911743, 0.6360604166984558, 0.6151447296142578, 0.6540807485580444, 0.6096135973930359, 0.5777509212493896, 0.6473488807678223, 0.6479899287223816, 0.6353121399879456, 0.641517162322998, 0.6398236155509949, 0.6293792128562927], "recall": [0.692814290523529, 0.6762648224830627, 0.6657769083976746, 0.7384606599807739, 0.6765914559364319, 0.7346509695053101, 0.6101483702659607, 0.6623221039772034, 0.71250981092453, 0.5926410555839539, 0.6740455627441406, 0.8959512114524841, 0.9286377429962158, 0.7116076350212097, 0.6839947700500488, 0.6397500038146973, 0.6373097896575928, 0.7013078927993774, 0.6545296907424927, 0.6902773976325989, 0.6121772527694702, 0.6386151313781738, 0.7008341550827026, 0.6581698656082153, 0.7341123819351196, 0.6182461380958557, 0.6509212255477905, 0.5827764868736267, 0.7077934741973877, 0.6696908473968506], "f1": [0.5948852300643921, 0.6516759991645813, 0.6540104150772095, 0.6777603030204773, 0.678327739238739, 0.6498210430145264, 0.6111020445823669, 0.6522504091262817, 0.6741344332695007, 0.5869058966636658, 0.6207042932510376, 0.8687245845794678, 0.8546778559684753, 0.6355831027030945, 0.6635414361953735, 0.6478983163833618, 0.6162958741188049, 0.6888164281845093, 0.6073724627494812, 0.6620607972145081, 0.6136574149131775, 0.6462554335594177, 0.6520489454269409, 0.6153440475463867, 0.6880059838294983, 0.6327686905860901, 0.6430219411849976, 0.6107376217842102, 0.6720944046974182, 0.6489095687866211], "hashcode": "bert-base-multilingual-cased_L9_no-idf_version=0.3.12(hug_trans=4.40.1)"}