{"bleu": 0.03305351889364817, "precisions": [0.14115462002785947, 0.0346757891463225, 0.018278394000937354, 0.013341704598964057], "brevity_penalty": 1.0, "length_ratio": 2.6588477366255145, "translation_length": 6461, "reference_length": 2430}