{"bleu": 0.07942522033959086, "precisions": [0.2913732394366197, 0.09857270294380018, 0.06238698010849909, 0.047182775996335316], "brevity_penalty": 0.8282996601384561, "length_ratio": 0.8414814814814815, "translation_length": 2272, "reference_length": 2700}