{"rouge1": 0.3329225921257103, "rouge2": 0.15706765862616068, "rougeL": 0.244892481235133, "rougeLsum": 0.2593643938626988}