{"rouge1": 0.22924511914172577, "rouge2": 0.08226782143869565, "rougeL": 0.16632666720124673, "rougeLsum": 0.17674474941956272}